Loss/Val,epoch,step
0.0002405152190476656,0,107789
0.00025502993958070874,1,215579
0.00025135258329100907,2,323369
0.0002479233080521226,3,431159
0.0002710426051635295,4,538949
0.0002629635273478925,5,646739
