Loss/Val,epoch,step
0.0001500780927017331,0,157106
0.0001600162941031158,1,314213
0.0001620422990527004,2,471320
