Loss/Val,epoch,step
0.00018794859352055937,0,36028
0.00024675644817762077,1,72057
0.0001538708747830242,2,108086
0.00016424572095274925,3,144115
0.00027800147654488683,4,180144
0.00018640657071955502,5,216173
0.00019456632435321808,6,252202
0.00028070612461306155,7,288231
0.00019452974083833396,8,324260
0.00018709363939706236,9,360289
0.00014775950694456697,10,396318
0.00017179170390591025,11,432347
