Loss/Val,epoch,step
0.00018545227067079395,0,49021
0.00015478039858862758,1,98043
0.00015396796516142786,2,147065
0.00014871299208607525,3,196087
0.00015345093561336398,4,245109
0.0001551895256852731,5,294131
0.00016576838970649987,6,343153
0.00016270560445263982,7,392175
0.00016050586418714374,8,441197
0.00016709645569790155,9,490219
0.00016970594879239798,10,539241
0.00016717346443329006,11,588263
